area;UNIDADE;SOLO_EMBRA;MAT_ORIGEM;LEGENDA;Declividade (calculada em aula)
98,55515538;Facies Gramado;Neossolo Regolítico húmico típico;Xisto;Mata nativa;5
627,6638513;Facies Gramado;Neossolo Regolítico húmico típico;Xisto;Mata nativa;5
272,1059766;Facies Gramado;Neossolo Regolítico húmico típico;Xisto;Mata nativa;5
318,1417736;Facies Gramado;Neossolo Regolítico húmico típico;Xisto;Mata nativa;5
70503,9891;Facies Gramado;Neossolo Regolítico húmico típico;Xisto;Mata nativa;5
232,6353676;Facies Gramado;Neossolo Regolítico húmico típico;Xisto;Mata nativa;5
4819,076077;Facies Gramado;Neossolo Regolítico húmico típico;Xisto;Mata com ate 50% de antropico;5
56266,47982;Facies Gramado;Neossolo Regolítico húmico típico;Xisto;Mata nativa;5
251,5671343;Facies Gramado;Neossolo Regolítico húmico típico;Xisto;Mata nativa;5
2130,245013;Facies Gramado;Neossolo Regolítico húmico típico;Xisto;Mata com ate 50% de antropico;5
18162,70074;Facies Gramado;Neossolo Regolítico húmico típico;Xisto;Mata com ate 50% de antropico;5
129,2016892;Facies Gramado;Neossolo Regolítico húmico típico;Xisto;Mata com ate 50% de antropico;5
304,263437;Facies Gramado;Neossolo Regolítico húmico típico;Xisto;Mata com ate 50% de antropico;5
2819,491089;Facies Gramado;Neossolo Regolítico húmico típico;Xisto;Mata com ate 50% de antropico;5
1432,332222;Facies Gramado;Neossolo Regolítico húmico típico;Xisto;Mata com ate 50% de antropico;5
1926,45363;Facies Caxias;Neossolo Regolítico húmico típico;Xisto;Uso agricola misto;4
17144,20106;Facies Gramado;Neossolo Regolítico húmico típico;Xisto;Mata nativa;5
2786,658001;Facies Gramado;Neossolo Regolítico húmico típico;Xisto;Mata nativa;5
38419,69232;Facies Gramado;Neossolo Regolítico húmico típico;Xisto;Mata nativa;5
34588,91402;Facies Gramado;Argissolo Vermelho alumínico típico;Basalto;Mata com ate 50% de antropico;3
34588,91402;Facies Gramado;Latossolo Vermelho aluminoférrico húmico;Basalto;Mata com ate 50% de antropico;3
561,7866319;Facies Gramado;Neossolo Regolítico húmico típico;Xisto;Mata nativa;5
1853,688665;Facies Gramado;Neossolo Regolítico húmico típico;Xisto;Mata nativa;5
1394,539829;Facies Gramado;Neossolo Regolítico húmico típico;Xisto;Mata nativa;5
663,6997612;Facies Gramado;Neossolo Regolítico húmico típico;Xisto;Mata nativa;4
905,0222178;Facies Gramado;Neossolo Regolítico húmico típico;Xisto;Mata nativa;5
1420,030633;Facies Gramado;Neossolo Regolítico húmico típico;Xisto;Mata nativa;5
2278,481903;Facies Gramado;Neossolo Regolítico húmico típico;Xisto;Mata nativa;5
1523,850156;Facies Gramado;Neossolo Regolítico húmico típico;Xisto;Mata nativa;4
252,6735611;Facies Gramado;Neossolo Regolítico húmico típico;Xisto;Uso agricola misto;5
4590,414747;Facies Gramado;Neossolo Regolítico húmico típico;Xisto;Mata nativa;5
10816,66535;Facies Gramado;Neossolo Regolítico húmico típico;Xisto;Mata nativa;5
8740,41453;Facies Gramado;Argissolo Vermelho alumínico típico;Basalto;Mata nativa;5
8740,41453;Facies Gramado;Latossolo Vermelho aluminoférrico húmico;Basalto;Mata nativa;5
1004,730235;Facies Gramado;Argissolo Vermelho alumínico típico;Basalto;Mata nativa;5
1004,730235;Facies Gramado;Latossolo Vermelho aluminoférrico húmico;Basalto;Mata nativa;5
648,9410733;Facies Gramado;Neossolo Regolítico húmico típico;Xisto;Mata nativa;5
252,903427;Facies Gramado;Argissolo Vermelho alumínico típico;Basalto;Mata nativa;5
252,903427;Facies Gramado;Latossolo Vermelho aluminoférrico húmico;Basalto;Mata nativa;5
3782,180857;Facies Gramado;Argissolo Vermelho alumínico típico;Basalto;Mata nativa;5
3782,180857;Facies Gramado;Latossolo Vermelho aluminoférrico húmico;Basalto;Mata nativa;5
4397,760294;Facies Gramado;Neossolo Regolítico húmico típico;Xisto;Mata nativa;5
51159,73291;Facies Gramado;Neossolo Regolítico húmico típico;Xisto;Mata nativa;5
14517,39165;Facies Gramado;Argissolo Vermelho alumínico típico;Basalto;Mata nativa;4
14517,39165;Facies Gramado;Latossolo Vermelho aluminoférrico húmico;Basalto;Mata nativa;4
344,562944;Facies Gramado;Argissolo Vermelho alumínico típico;Basalto;Mata nativa;4
344,562944;Facies Gramado;Latossolo Vermelho aluminoférrico húmico;Basalto;Mata nativa;4
6011,638452;Facies Gramado;Neossolo Regolítico húmico típico;Xisto;Mata com ate 50% de antropico;5
780,4339843;Facies Gramado;Neossolo Regolítico húmico típico;Xisto;Mata com ate 50% de antropico;4
1928,073304;Facies Gramado;Neossolo Regolítico húmico típico;Xisto;Mata com ate 50% de antropico;5
2604,471909;Facies Gramado;Neossolo Regolítico húmico típico;Xisto;Mata com ate 50% de antropico;5
974,2010302;Facies Gramado;Neossolo Regolítico húmico típico;Xisto;Mata nativa;5
11039,86858;Facies Gramado;Neossolo Regolítico húmico típico;Xisto;Mata nativa;4
21970,46787;Facies Gramado;Neossolo Regolítico húmico típico;Xisto;Mata com ate 50% de antropico;4
51979,52108;Facies Gramado;Neossolo Regolítico húmico típico;Xisto;Mata nativa;5
2461,836211;Facies Gramado;Neossolo Regolítico húmico típico;Xisto;Mata nativa;5
57371,23633;Facies Gramado;Neossolo Regolítico húmico típico;Xisto;Mata com ate 50% de antropico;4
19952,2194;Facies Gramado;Neossolo Regolítico húmico típico;Xisto;Mata nativa;5
125711,4419;Facies Gramado;Neossolo Regolítico húmico típico;Xisto;Mata com ate 50% de antropico;4
2047,715564;Facies Gramado;Neossolo Regolítico húmico típico;Xisto;Mata com ate 50% de antropico;5
203,6540535;Facies Gramado;Neossolo Regolítico húmico típico;Xisto;Mata com ate 50% de antropico;5
4738,318545;Facies Gramado;Neossolo Regolítico húmico típico;Xisto;Mata com ate 50% de antropico;5
1405,175352;Facies Gramado;Neossolo Regolítico húmico típico;Xisto;Mata com ate 50% de antropico;5
5850,152911;Facies Gramado;Neossolo Regolítico húmico típico;Xisto;Mata com ate 50% de antropico;5
48692,73441;Facies Gramado;Neossolo Regolítico húmico típico;Xisto;Mata com ate 50% de antropico;5
621,3167225;Facies Gramado;Neossolo Regolítico húmico típico;Xisto;Mata nativa;5
1283,188222;Facies Gramado;Neossolo Regolítico húmico típico;Xisto;Agua;3
460,0182358;Facies Gramado;Neossolo Regolítico húmico típico;Xisto;Mata nativa;5
5050,557328;Facies Gramado;Neossolo Regolítico húmico típico;Xisto;Mata nativa;5
1545,879346;Facies Gramado;Neossolo Regolítico húmico típico;Xisto;Mata nativa;4
671,3335688;Facies Gramado;Neossolo Regolítico húmico típico;Xisto;Mata nativa;5
2110,084106;Facies Gramado;Neossolo Regolítico húmico típico;Xisto;Mata nativa;5
1931,262212;Facies Gramado;Neossolo Regolítico húmico típico;Xisto;Mata nativa;5
1809,476402;Facies Gramado;Neossolo Regolítico húmico típico;Xisto;Mata com ate 50% de antropico;5
58539,48145;Facies Gramado;Neossolo Regolítico húmico típico;Xisto;Mata com ate 50% de antropico;4
21870,95404;Facies Gramado;Neossolo Regolítico húmico típico;Xisto;Mata nativa;5
1553,558053;Facies Gramado;Neossolo Regolítico húmico típico;Xisto;Mata nativa;5
409,161306;Facies Gramado;Neossolo Regolítico húmico típico;Xisto;Mata com ate 50% de antropico;5
13435,81774;Facies Gramado;Neossolo Regolítico húmico típico;Xisto;Mata nativa;5
2527,765286;Facies Gramado;Neossolo Regolítico húmico típico;Xisto;Mata nativa;5
720,5849599;Facies Gramado;Neossolo Regolítico húmico típico;Xisto;Mata com ate 50% de antropico;5
3052,629056;Facies Caxias;Argissolo Vermelho alumínico típico;Basalto;Mata nativa;5
3052,629056;Facies Caxias;Latossolo Vermelho aluminoférrico húmico;Basalto;Mata nativa;5
4620,659029;Facies Gramado;Neossolo Regolítico húmico típico;Xisto;Mata nativa;5
13834,97236;Facies Gramado;Neossolo Regolítico húmico típico;Xisto;Mata nativa;3
1982,24218;Facies Gramado;Neossolo Regolítico húmico típico;Xisto;Mata com ate 30% de antropico;5
1323,190618;Facies Gramado;Neossolo Regolítico húmico típico;Xisto;Mata com ate 30% de antropico;5
3506,288497;Facies Gramado;Neossolo Regolítico húmico típico;Xisto;Mata com ate 30% de antropico;4
974,6902456;Facies Gramado;Argissolo Vermelho alumínico típico;Basalto;Silvicultura;5
974,6902456;Facies Gramado;Latossolo Vermelho aluminoférrico húmico;Basalto;Silvicultura;5
2607,289678;Facies Gramado;Neossolo Regolítico húmico típico;Xisto;Mata nativa;5
1601,734901;Facies Gramado;Argissolo Vermelho alumínico típico;Basalto;Mata nativa;5
1601,734901;Facies Gramado;Latossolo Vermelho aluminoférrico húmico;Basalto;Mata nativa;5
858,9403359;Facies Caxias;Neossolo Regolítico húmico típico;Xisto;Mata nativa;5
8683,245735;Facies Gramado;Argissolo Vermelho alumínico típico;Basalto;Mata nativa;5
8683,245735;Facies Gramado;Latossolo Vermelho aluminoférrico húmico;Basalto;Mata nativa;5
6412,454139;Facies Gramado;Neossolo Regolítico húmico típico;Xisto;Mata nativa;5
633,3784392;Facies Gramado;Neossolo Regolítico húmico típico;Xisto;Mata nativa;5
4851,429885;Facies Gramado;Neossolo Regolítico húmico típico;Xisto;Mata nativa;5
2168,926839;Facies Caxias;Neossolo Regolítico húmico típico;Xisto;Mata nativa;5
7095,160635;Facies Caxias;Neossolo Regolítico húmico típico;Xisto;Mata nativa;5
4603,049973;Facies Caxias;Neossolo Regolítico húmico típico;Xisto;Mata nativa;5
3586,721899;Facies Caxias;Neossolo Regolítico húmico típico;Xisto;Mata nativa;5
1211,890471;Facies Gramado;Neossolo Regolítico húmico típico;Xisto;Mata nativa;5
5157,217449;Facies Gramado;Neossolo Regolítico húmico típico;Xisto;Mata nativa;5
6983,824581;Facies Gramado;Neossolo Regolítico húmico típico;Xisto;Mata nativa;5
2269,078259;Facies Gramado;Neossolo Regolítico húmico típico;Xisto;Mata nativa;5
778,5012741;Facies Gramado;Neossolo Regolítico húmico típico;Xisto;Mata nativa;5
6969,560929;Facies Gramado;Neossolo Regolítico húmico típico;Xisto;Mata nativa;5
1845,163141;Facies Gramado;Neossolo Regolítico húmico típico;Xisto;Mata nativa;5
651,3505525;Facies Gramado;Neossolo Regolítico húmico típico;Xisto;Mata nativa;5
12162,21196;Facies Gramado;Argissolo Vermelho alumínico típico;Basalto;Mata nativa;5
12162,21196;Facies Gramado;Latossolo Vermelho aluminoférrico húmico;Basalto;Mata nativa;5
4131,92373;Facies Gramado;Argissolo Vermelho alumínico típico;Basalto;Mata nativa;5
4131,92373;Facies Gramado;Latossolo Vermelho aluminoférrico húmico;Basalto;Mata nativa;5
2038,924368;Facies Gramado;Argissolo Vermelho alumínico típico;Basalto;Mata nativa;5
2038,924368;Facies Gramado;Latossolo Vermelho aluminoférrico húmico;Basalto;Mata nativa;5
9073,614842;Facies Gramado;Argissolo Vermelho alumínico típico;Basalto;Mata nativa;5
9073,614842;Facies Gramado;Latossolo Vermelho aluminoférrico húmico;Basalto;Mata nativa;5
17423,37541;Facies Gramado;Argissolo Vermelho alumínico típico;Basalto;Mata nativa;5
17423,37541;Facies Gramado;Latossolo Vermelho aluminoférrico húmico;Basalto;Mata nativa;5
15780,78216;Facies Gramado;Argissolo Vermelho alumínico típico;Basalto;Mata nativa;5
15780,78216;Facies Gramado;Latossolo Vermelho aluminoférrico húmico;Basalto;Mata nativa;5
11385,13579;Facies Gramado;Argissolo Vermelho alumínico típico;Basalto;Mata nativa;5
11385,13579;Facies Gramado;Latossolo Vermelho aluminoférrico húmico;Basalto;Mata nativa;5
2255,618967;Facies Gramado;Argissolo Vermelho alumínico típico;Basalto;Mata nativa;5
2255,618967;Facies Gramado;Latossolo Vermelho aluminoférrico húmico;Basalto;Mata nativa;5
3425,231427;Facies Gramado;Argissolo Vermelho alumínico típico;Basalto;Mata nativa;5
3425,231427;Facies Gramado;Latossolo Vermelho aluminoférrico húmico;Basalto;Mata nativa;5
762,5084685;Facies Gramado;Argissolo Vermelho alumínico típico;Basalto;Mata nativa;5
762,5084685;Facies Gramado;Latossolo Vermelho aluminoférrico húmico;Basalto;Mata nativa;5
7787,945519;Facies Gramado;Argissolo Vermelho alumínico típico;Basalto;Mata nativa;5
7787,945519;Facies Gramado;Latossolo Vermelho aluminoférrico húmico;Basalto;Mata nativa;5
4342,600924;Facies Gramado;Neossolo Regolítico húmico típico;Xisto;Mata nativa;5
856,4032334;Facies Gramado;Neossolo Regolítico húmico típico;Xisto;Mata nativa;5
4381,207517;Facies Gramado;Neossolo Regolítico húmico típico;Xisto;Mata nativa;5
10842,27664;Facies Gramado;Neossolo Regolítico húmico típico;Xisto;Mata nativa;5
6869,80554;Facies Gramado;Neossolo Regolítico húmico típico;Xisto;Mata nativa;5
154,9672671;Facies Gramado;Neossolo Regolítico húmico típico;Xisto;Mata nativa;2
273,7550068;Facies Gramado;Neossolo Regolítico húmico típico;Xisto;Mata nativa;4
2464,512503;Facies Gramado;Neossolo Regolítico húmico típico;Xisto;Mata nativa;4
2154,174808;Facies Gramado;Neossolo Regolítico húmico típico;Xisto;Mata nativa;5
7113,606182;Facies Gramado;Neossolo Regolítico húmico típico;Xisto;Mata nativa;5
11541,88416;Facies Gramado;Neossolo Regolítico húmico típico;Xisto;Mata nativa;4
2485,971277;Facies Gramado;Neossolo Regolítico húmico típico;Xisto;Mata nativa;5
3749,850584;Facies Gramado;Neossolo Regolítico húmico típico;Xisto;Mata nativa;5
951,0998311;Facies Gramado;Neossolo Regolítico húmico típico;Xisto;Mata nativa;5
10762,86689;Facies Gramado;Neossolo Regolítico húmico típico;Xisto;Mata nativa;5
7211,614955;Facies Gramado;Neossolo Regolítico húmico típico;Xisto;Mata nativa;5
10285,74737;Facies Gramado;Neossolo Regolítico húmico típico;Xisto;Mata nativa;5
11176,39919;Facies Gramado;Neossolo Regolítico húmico típico;Xisto;Mata nativa;5
9658,293923;Facies Gramado;Neossolo Regolítico húmico típico;Xisto;Mata nativa;5
14345,4388;Facies Gramado;Neossolo Regolítico húmico típico;Xisto;Mata nativa;5
7216,292881;Facies Gramado;Argissolo Vermelho alumínico típico;Basalto;Mata nativa;5
7216,292881;Facies Gramado;Latossolo Vermelho aluminoférrico húmico;Basalto;Mata nativa;5
2194,249787;Facies Gramado;Neossolo Regolítico húmico típico;Xisto;Mata nativa;5
1548,367095;Facies Gramado;Neossolo Regolítico húmico típico;Xisto;Mata nativa;5
1095,006059;Facies Gramado;Neossolo Regolítico húmico típico;Xisto;Mata nativa;5
4678,403782;Facies Gramado;Neossolo Regolítico húmico típico;Xisto;Mata nativa;5
1412,105483;Facies Caxias;Neossolo Regolítico húmico típico;Xisto;Mata nativa;5
1447,663528;Facies Caxias;Neossolo Regolítico húmico típico;Xisto;Mata nativa;5
1050,42179;Facies Caxias;Neossolo Regolítico húmico típico;Xisto;Mata nativa;5
12164,03558;Facies Gramado;Neossolo Regolítico húmico típico;Xisto;Mata nativa;5
9951,07802;Facies Gramado;Neossolo Regolítico húmico típico;Xisto;Mata nativa;5
19044,78259;Facies Gramado;Argissolo Vermelho alumínico típico;Basalto;Mata nativa;5
19044,78259;Facies Gramado;Latossolo Vermelho aluminoférrico húmico;Basalto;Mata nativa;5
32758,2467;Facies Gramado;Argissolo Vermelho alumínico típico;Basalto;Mata nativa;5
32758,2467;Facies Gramado;Latossolo Vermelho aluminoférrico húmico;Basalto;Mata nativa;5
1592,814651;Facies Gramado;Argissolo Vermelho alumínico típico;Basalto;Mata nativa;5
1592,814651;Facies Gramado;Latossolo Vermelho aluminoférrico húmico;Basalto;Mata nativa;5
5522,641985;Facies Gramado;Argissolo Vermelho alumínico típico;Basalto;Mata nativa;5
5522,641985;Facies Gramado;Latossolo Vermelho aluminoférrico húmico;Basalto;Mata nativa;5
19467,36607;Facies Gramado;Argissolo Vermelho alumínico típico;Basalto;Mata nativa;5
19467,36607;Facies Gramado;Latossolo Vermelho aluminoférrico húmico;Basalto;Mata nativa;5
689,0946784;Facies Gramado;Argissolo Vermelho alumínico típico;Basalto;Mata nativa;5
689,0946784;Facies Gramado;Latossolo Vermelho aluminoférrico húmico;Basalto;Mata nativa;5
1004,44309;Facies Gramado;Argissolo Vermelho alumínico típico;Basalto;Mata nativa;5
1004,44309;Facies Gramado;Latossolo Vermelho aluminoférrico húmico;Basalto;Mata nativa;5
8534,331103;Facies Gramado;Argissolo Vermelho alumínico típico;Basalto;Mata nativa;5
8534,331103;Facies Gramado;Latossolo Vermelho aluminoférrico húmico;Basalto;Mata nativa;5
6197,042871;Facies Gramado;Neossolo Regolítico húmico típico;Xisto;Mata nativa;5
31011,32163;Facies Gramado;Neossolo Regolítico húmico típico;Xisto;Mata nativa;5
3535,388241;Facies Caxias;Neossolo Regolítico húmico típico;Xisto;Mata nativa;5
13325,35976;Facies Gramado;Neossolo Regolítico húmico típico;Xisto;Mata nativa;3
1721,378568;Facies Gramado;Argissolo Vermelho alumínico típico;Basalto;Mata nativa;5
1721,378568;Facies Gramado;Latossolo Vermelho aluminoférrico húmico;Basalto;Mata nativa;5
4095,235398;Facies Gramado;Neossolo Regolítico húmico típico;Xisto;Mata nativa;5
11357,35207;Facies Gramado;Neossolo Regolítico húmico típico;Xisto;Mata nativa;5
8915,291221;Facies Gramado;Neossolo Regolítico húmico típico;Xisto;Mata nativa;5
12259,77068;Facies Gramado;Neossolo Regolítico húmico típico;Xisto;Mata nativa;2
1426,796983;Facies Gramado;Neossolo Regolítico húmico típico;Xisto;Mata nativa;5
19785,19297;Facies Gramado;Neossolo Regolítico húmico típico;Xisto;Mata nativa;5
1356,032524;Facies Gramado;Neossolo Regolítico húmico típico;Xisto;Mata nativa;5
1659,014332;Facies Gramado;Neossolo Regolítico húmico típico;Xisto;Mata nativa;5
1639,777392;Facies Gramado;Neossolo Regolítico húmico típico;Xisto;Mata nativa;5
3753,092677;Facies Gramado;Neossolo Regolítico húmico típico;Xisto;Mata nativa;5
6436,474073;Facies Gramado;Neossolo Regolítico húmico típico;Xisto;Mata nativa;5
1896,040916;Facies Gramado;Neossolo Regolítico húmico típico;Xisto;Mata nativa;5
9679,959593;Facies Gramado;Neossolo Regolítico húmico típico;Xisto;Mata nativa;5
3539,253475;Facies Gramado;Neossolo Regolítico húmico típico;Xisto;Mata nativa;5
12392,88343;Facies Gramado;Neossolo Regolítico húmico típico;Xisto;Mata nativa;4
7073,55104;Facies Gramado;Neossolo Regolítico húmico típico;Xisto;Mata nativa;5
819,2986907;Facies Gramado;Neossolo Regolítico húmico típico;Xisto;Mata nativa;5
3898,201894;Facies Gramado;Neossolo Regolítico húmico típico;Xisto;Mata nativa;5
30530,46144;Facies Gramado;Neossolo Regolítico húmico típico;Xisto;Mata nativa;5
11451,21705;Facies Gramado;Neossolo Regolítico húmico típico;Xisto;Mata nativa;5
5761,698932;Facies Gramado;Neossolo Regolítico húmico típico;Xisto;Mata nativa;5
8670,008353;Facies Gramado;Neossolo Regolítico húmico típico;Xisto;Mata nativa;5
20651,66506;Facies Gramado;Neossolo Regolítico húmico típico;Xisto;Mata nativa;5
2518,533701;Facies Gramado;Neossolo Regolítico húmico típico;Xisto;Mata nativa;5
9989,864983;Facies Gramado;Neossolo Regolítico húmico típico;Xisto;Mata nativa;5
16982,12282;Facies Gramado;Neossolo Regolítico húmico típico;Xisto;Mata nativa;5
3828,045288;Facies Gramado;Argissolo Vermelho alumínico típico;Basalto;Mata nativa;5
3828,045288;Facies Gramado;Latossolo Vermelho aluminoférrico húmico;Basalto;Mata nativa;5
7781,060721;Facies Gramado;Neossolo Regolítico húmico típico;Xisto;Mata nativa;5
39700,38808;Facies Gramado;Argissolo Vermelho alumínico típico;Basalto;Mata nativa;4
39700,38808;Facies Gramado;Latossolo Vermelho aluminoférrico húmico;Basalto;Mata nativa;4
2926,76429;Facies Gramado;Neossolo Regolítico húmico típico;Xisto;Mata nativa;5
50264,20428;Facies Gramado;Argissolo Vermelho alumínico típico;Basalto;Mata nativa;5
50264,20428;Facies Gramado;Latossolo Vermelho aluminoférrico húmico;Basalto;Mata nativa;5
12703,93789;Facies Gramado;Argissolo Vermelho alumínico típico;Basalto;Mata nativa;5
12703,93789;Facies Gramado;Latossolo Vermelho aluminoférrico húmico;Basalto;Mata nativa;5
22216,88726;Facies Gramado;Neossolo Regolítico húmico típico;Xisto;Mata nativa;5
21307,1441;Facies Gramado;Neossolo Regolítico húmico típico;Xisto;Mata nativa;5
2990,828922;Facies Gramado;Neossolo Regolítico húmico típico;Xisto;Mata nativa;5
22004,02964;Facies Gramado;Neossolo Regolítico húmico típico;Xisto;Mata nativa;5
19419,68507;Facies Gramado;Neossolo Regolítico húmico típico;Xisto;Mata nativa;4
6259,047651;Facies Gramado;Neossolo Regolítico húmico típico;Xisto;Uso agricola misto;2
1912,873239;Facies Caxias;Neossolo Regolítico húmico típico;Xisto;Mata nativa;5
16671,72855;Facies Caxias;Neossolo Regolítico húmico típico;Xisto;Mata nativa;5
12789,47357;Facies Caxias;Neossolo Regolítico húmico típico;Xisto;Mata nativa;5
387,1553774;Facies Gramado;Neossolo Regolítico húmico típico;Xisto;Mata nativa;4
24779,67315;Facies Gramado;Neossolo Regolítico húmico típico;Xisto;Mata nativa;5
6735,884537;Facies Gramado;Neossolo Regolítico húmico típico;Xisto;Mata nativa;5
5938,321187;Facies Gramado;Neossolo Regolítico húmico típico;Xisto;Mata nativa;5
11150,69686;Facies Gramado;Neossolo Regolítico húmico típico;Xisto;Mata nativa;5
754,3868927;Facies Gramado;Neossolo Regolítico húmico típico;Xisto;Mata nativa;4
19078,50674;Facies Gramado;Neossolo Regolítico húmico típico;Xisto;Mata nativa;5
17105,94234;Facies Gramado;Neossolo Regolítico húmico típico;Xisto;Mata nativa;5
2885,938942;Facies Gramado;Neossolo Regolítico húmico típico;Xisto;Mata nativa;5
15858,72422;Facies Gramado;Neossolo Regolítico húmico típico;Xisto;Mata nativa;5
3245,372376;Facies Gramado;Neossolo Regolítico húmico típico;Xisto;Mata nativa;5
54053,76205;Facies Gramado;Neossolo Regolítico húmico típico;Xisto;Mata nativa;5
5232,858628;Facies Gramado;Neossolo Regolítico húmico típico;Xisto;Mata nativa;5
7107,397641;Facies Gramado;Neossolo Regolítico húmico típico;Xisto;Mata nativa;5
19682,8849;Facies Gramado;Neossolo Regolítico húmico típico;Xisto;Mata nativa;5
5536,074546;Facies Gramado;Neossolo Regolítico húmico típico;Xisto;Mata com ate 50% de antropico;5
23964,09873;Facies Gramado;Neossolo Regolítico húmico típico;Xisto;Mata com ate 50% de antropico;5
41798,37604;Facies Gramado;Neossolo Regolítico húmico típico;Xisto;Mata com ate 50% de antropico;4
36494,88204;Facies Gramado;Neossolo Regolítico húmico típico;Xisto;Mata com ate 50% de antropico;5
5569,349782;Facies Gramado;Neossolo Regolítico húmico típico;Xisto;Mata nativa;5
1853,961786;Facies Gramado;Neossolo Regolítico húmico típico;Xisto;Mata nativa;5
918,6896306;Facies Gramado;Neossolo Regolítico húmico típico;Xisto;Mata nativa;5
2471,94697;Facies Gramado;Neossolo Regolítico húmico típico;Xisto;Mata nativa;5
1384,507838;Facies Gramado;Neossolo Regolítico húmico típico;Xisto;Mata nativa;5
25278,86251;Facies Gramado;Neossolo Regolítico húmico típico;Xisto;Mata nativa;5
7192,030954;Facies Gramado;Neossolo Regolítico húmico típico;Xisto;Mata nativa;5
5872,227152;Facies Gramado;Neossolo Regolítico húmico típico;Xisto;Mata nativa;5
5406,328581;Facies Gramado;Neossolo Regolítico húmico típico;Xisto;Mata nativa;5
3079,21718;Facies Gramado;Neossolo Regolítico húmico típico;Xisto;Mata nativa;5
21748,50033;Facies Gramado;Neossolo Regolítico húmico típico;Xisto;Mata nativa;4
1850,821041;Facies Gramado;Neossolo Regolítico húmico típico;Xisto;Mata nativa;5
2379,936332;Facies Gramado;Neossolo Regolítico húmico típico;Xisto;Mata nativa;5
1079,230657;Facies Gramado;Neossolo Regolítico húmico típico;Xisto;Mata nativa;5
1039,178968;Facies Gramado;Neossolo Regolítico húmico típico;Xisto;Mata nativa;5
89883,34279;Facies Gramado;Neossolo Regolítico húmico típico;Xisto;Uso agricola misto;5
2806,170114;Facies Gramado;Neossolo Regolítico húmico típico;Xisto;Mata nativa;5
3249,39461;Facies Gramado;Neossolo Regolítico húmico típico;Xisto;Mata nativa;5
1708,727435;Facies Gramado;Neossolo Regolítico húmico típico;Xisto;Mata nativa;5
2011,062472;Facies Gramado;Neossolo Regolítico húmico típico;Xisto;Mata nativa;5
32153,59519;Facies Gramado;Neossolo Regolítico húmico típico;Xisto;Mata nativa;5
41468,39599;Facies Gramado;Neossolo Regolítico húmico típico;Xisto;Mata nativa;5
2764,758986;Facies Gramado;Neossolo Regolítico húmico típico;Xisto;Mata nativa;5
1107,996667;Facies Gramado;Neossolo Regolítico húmico típico;Xisto;Mata nativa;5
26098,70514;Facies Gramado;Neossolo Regolítico húmico típico;Xisto;Mata nativa;5
72373,97117;Facies Gramado;Neossolo Regolítico húmico típico;Xisto;Mata nativa;5
26424,85668;Facies Gramado;Neossolo Regolítico húmico típico;Xisto;Mata nativa;5
1411,719669;Facies Gramado;Neossolo Regolítico húmico típico;Xisto;Mata nativa;5
710,3320564;Facies Gramado;Neossolo Regolítico húmico típico;Xisto;Mata nativa;5
779,7866762;Facies Gramado;Neossolo Regolítico húmico típico;Xisto;Mata nativa;5
2377,7389;Facies Gramado;Neossolo Regolítico húmico típico;Xisto;Mata nativa;5
27900,99763;Facies Gramado;Argissolo Vermelho alumínico típico;Basalto;Mata nativa;4
27900,99763;Facies Gramado;Latossolo Vermelho aluminoférrico húmico;Basalto;Mata nativa;4
2804,355863;Facies Gramado;Neossolo Regolítico húmico típico;Xisto;Mata nativa;5
6563,264518;Facies Gramado;Neossolo Regolítico húmico típico;Xisto;Mata nativa;5
709,5445608;Facies Gramado;Argissolo Vermelho alumínico típico;Basalto;Mata nativa;5
709,5445608;Facies Gramado;Latossolo Vermelho aluminoférrico húmico;Basalto;Mata nativa;5
25063,29013;Facies Gramado;Neossolo Regolítico húmico típico;Xisto;Mata nativa;5
717,2520736;Facies Gramado;Neossolo Regolítico húmico típico;Xisto;Mata nativa;5
1943,481586;Facies Gramado;Neossolo Regolítico húmico típico;Xisto;Mata com ate 50% de antropico;5
6034,971221;Facies Gramado;Neossolo Regolítico húmico típico;Xisto;Mata com ate 50% de antropico;5
2737,708547;Facies Gramado;Neossolo Regolítico húmico típico;Xisto;Mata com ate 50% de antropico;5
17195,18083;Facies Gramado;Neossolo Regolítico húmico típico;Xisto;Mata nativa;4
1268,188646;Facies Gramado;Neossolo Regolítico húmico típico;Xisto;Mata nativa;5
3350,333093;Facies Gramado;Neossolo Regolítico húmico típico;Xisto;Mata nativa;5
9280,569013;Facies Gramado;Neossolo Regolítico húmico típico;Xisto;Mata nativa;5
7755,003784;Facies Gramado;Neossolo Regolítico húmico típico;Xisto;Mata nativa;4
1478,546322;Facies Gramado;Neossolo Regolítico húmico típico;Xisto;Mata nativa;5
3667,097008;Facies Gramado;Neossolo Regolítico húmico típico;Xisto;Mata nativa;5
548,7427347;Facies Gramado;Neossolo Regolítico húmico típico;Xisto;Mata nativa;4
13837,51826;Facies Gramado;Neossolo Regolítico húmico típico;Xisto;Mata nativa;5
8401,341639;Facies Gramado;Neossolo Regolítico húmico típico;Xisto;Mata nativa;5
6480,217821;Facies Gramado;Neossolo Regolítico húmico típico;Xisto;Mata nativa;4
1998,381603;Facies Gramado;Neossolo Regolítico húmico típico;Xisto;Mata nativa;5
6656,696551;Facies Gramado;Neossolo Regolítico húmico típico;Xisto;Mata nativa;5
4159,786743;Facies Gramado;Neossolo Regolítico húmico típico;Xisto;Mata nativa;5
1966,83576;Facies Gramado;Argissolo Vermelho alumínico típico;Basalto;Mata nativa;5
1966,83576;Facies Gramado;Latossolo Vermelho aluminoférrico húmico;Basalto;Mata nativa;5
3592,665321;Facies Gramado;Argissolo Vermelho alumínico típico;Basalto;Mata nativa;5
3592,665321;Facies Gramado;Latossolo Vermelho aluminoférrico húmico;Basalto;Mata nativa;5
600,6574632;Facies Gramado;Argissolo Vermelho alumínico típico;Basalto;Mata nativa;5
600,6574632;Facies Gramado;Latossolo Vermelho aluminoférrico húmico;Basalto;Mata nativa;5
4081,947568;Facies Gramado;Argissolo Vermelho alumínico típico;Basalto;Mata nativa;5
4081,947568;Facies Gramado;Latossolo Vermelho aluminoférrico húmico;Basalto;Mata nativa;5
1243,144825;Facies Caxias;Argissolo Vermelho alumínico típico;Basalto;Mata nativa;5
1243,144825;Facies Caxias;Latossolo Vermelho aluminoférrico húmico;Basalto;Mata nativa;5
60731,50157;Facies Gramado;Neossolo Regolítico húmico típico;Xisto;Uso agricola misto;5
24681,01694;Facies Gramado;Neossolo Regolítico húmico típico;Xisto;Mata nativa;5
1732,534825;Facies Gramado;Neossolo Regolítico húmico típico;Xisto;Mata com ate 50% de antropico;5
2216,344937;Facies Gramado;Neossolo Regolítico húmico típico;Xisto;Mata nativa;5
1647,096614;Facies Gramado;Neossolo Regolítico húmico típico;Xisto;Mata nativa;5
1242,533702;Facies Gramado;Neossolo Regolítico húmico típico;Xisto;Mata nativa;5
196,6591312;Facies Gramado;Neossolo Regolítico húmico típico;Xisto;Mata nativa;5
10393,35564;Facies Gramado;Neossolo Regolítico húmico típico;Xisto;Mata nativa;5
6524,218621;Facies Gramado;Neossolo Regolítico húmico típico;Xisto;Mata nativa;5
931,5947157;Facies Gramado;Neossolo Regolítico húmico típico;Xisto;Mata nativa;5
2587,613714;Facies Gramado;Neossolo Regolítico húmico típico;Xisto;Mata nativa;5
4244,732732;Facies Gramado;Neossolo Regolítico húmico típico;Xisto;Mata nativa;5
30062,5626;Facies Gramado;Neossolo Regolítico húmico típico;Xisto;Mata nativa;5
14093,63769;Facies Gramado;Argissolo Vermelho alumínico típico;Basalto;Mata nativa;5
14093,63769;Facies Gramado;Latossolo Vermelho aluminoférrico húmico;Basalto;Mata nativa;5
2287,346894;Facies Gramado;Argissolo Vermelho alumínico típico;Basalto;Mata nativa;5
2287,346894;Facies Gramado;Latossolo Vermelho aluminoférrico húmico;Basalto;Mata nativa;5
1602,718194;Facies Gramado;Argissolo Vermelho alumínico típico;Basalto;Mata nativa;5
1602,718194;Facies Gramado;Latossolo Vermelho aluminoférrico húmico;Basalto;Mata nativa;5
28344,07524;Facies Caxias;Argissolo Vermelho alumínico típico;Basalto;Mata nativa;5
28344,07524;Facies Caxias;Latossolo Vermelho aluminoférrico húmico;Basalto;Mata nativa;5
5158,421554;Facies Gramado;Argissolo Vermelho alumínico típico;Basalto;Mata nativa;5
5158,421554;Facies Gramado;Latossolo Vermelho aluminoférrico húmico;Basalto;Mata nativa;5
1158,641666;Facies Gramado;Argissolo Vermelho alumínico típico;Basalto;Mata nativa;5
1158,641666;Facies Gramado;Latossolo Vermelho aluminoférrico húmico;Basalto;Mata nativa;5
981,5508256;Facies Gramado;Neossolo Regolítico húmico típico;Xisto;Mata nativa;5
2221,021791;Facies Gramado;Neossolo Regolítico húmico típico;Xisto;Mata nativa;5
2709,831705;Facies Gramado;Neossolo Regolítico húmico típico;Xisto;Mata nativa;5
998,9821982;Facies Gramado;Neossolo Regolítico húmico típico;Xisto;Mata nativa;5
248,3784607;Facies Gramado;Neossolo Regolítico húmico típico;Xisto;Mata nativa;5
371,282685;Facies Gramado;Neossolo Regolítico húmico típico;Xisto;Mata nativa;5
145,8842111;Facies Gramado;Neossolo Regolítico húmico típico;Xisto;Mata nativa;5
320,4737194;Facies Gramado;Neossolo Regolítico húmico típico;Xisto;Mata nativa;5
441,6416546;Facies Gramado;Neossolo Regolítico húmico típico;Xisto;Mata nativa;5
6931,946165;Facies Gramado;Neossolo Regolítico húmico típico;Xisto;Mata nativa;4
3147,090827;Facies Gramado;Neossolo Regolítico húmico típico;Xisto;Mata nativa;5
1575,60589;Facies Gramado;Neossolo Regolítico húmico típico;Xisto;Mata nativa;5
3655,302245;Facies Gramado;Neossolo Regolítico húmico típico;Xisto;Uso agricola misto;5
1490,730336;Facies Caxias;Neossolo Regolítico húmico típico;Xisto;Uso agricola misto;5
3630,424375;Facies Caxias;Neossolo Regolítico húmico típico;Xisto;Uso agricola misto;5
24379,99252;Facies Gramado;Neossolo Regolítico húmico típico;Xisto;Uso agricola misto;5
6473,309782;Facies Caxias;Neossolo Regolítico húmico típico;Xisto;Mata nativa;5
2262,88515;Facies Gramado;Neossolo Regolítico húmico típico;Xisto;Mata nativa;5
12041,19437;Facies Gramado;Neossolo Regolítico húmico típico;Xisto;Mata nativa;5
9157,815039;Facies Gramado;Neossolo Regolítico húmico típico;Xisto;Mata nativa;5
3985,087174;Facies Gramado;Neossolo Regolítico húmico típico;Xisto;Mata nativa;5
412,7196953;Facies Gramado;Neossolo Regolítico húmico típico;Xisto;Mata nativa;5
24226,64694;Facies Gramado;Neossolo Regolítico húmico típico;Xisto;Mata nativa;5
31953,71133;Facies Gramado;Neossolo Regolítico húmico típico;Xisto;Mata nativa;5
988,0634466;Facies Gramado;Neossolo Regolítico húmico típico;Xisto;Mata nativa;5
1097,874471;Facies Gramado;Neossolo Regolítico húmico típico;Xisto;Mata nativa;5
3112,785934;Facies Gramado;Neossolo Regolítico húmico típico;Xisto;Mata nativa;5
3897,930107;Facies Caxias;Neossolo Regolítico húmico típico;Xisto;Mata nativa;4
1037,029058;Facies Gramado;Neossolo Regolítico húmico típico;Xisto;Mata nativa;5
27103,32817;Facies Gramado;Neossolo Regolítico húmico típico;Xisto;Uso agricola misto;5
1345,612386;Facies Caxias;Neossolo Regolítico húmico típico;Xisto;Mata nativa;4
34014,36265;Facies Gramado;Argissolo Vermelho alumínico típico;Basalto;Mata nativa;5
34014,36265;Facies Gramado;Latossolo Vermelho aluminoférrico húmico;Basalto;Mata nativa;5
3505,229198;Facies Gramado;Neossolo Regolítico húmico típico;Xisto;Mata com ate 30% de antropico;5
2189,559914;Facies Gramado;Argissolo Vermelho alumínico típico;Basalto;Mata com ate 30% de antropico;5
2189,559914;Facies Gramado;Latossolo Vermelho aluminoférrico húmico;Basalto;Mata com ate 30% de antropico;5
14812,19197;Facies Gramado;Neossolo Regolítico húmico típico;Xisto;Mata com ate 30% de antropico;4
145428,8602;Facies Gramado;Neossolo Regolítico húmico típico;Xisto;Uso agricola misto;4
3950,190777;Facies Gramado;Neossolo Regolítico húmico típico;Xisto;Mata com ate 30% de antropico;5
3183,222957;Facies Caxias;Neossolo Regolítico húmico típico;Xisto;Mata com ate 30% de antropico;5
5483,831701;Facies Gramado;Neossolo Regolítico húmico típico;Xisto;Mata com ate 30% de antropico;4
4352,281831;Facies Gramado;Argissolo Vermelho alumínico típico;Basalto;Mata com ate 30% de antropico;5
4352,281831;Facies Gramado;Latossolo Vermelho aluminoférrico húmico;Basalto;Mata com ate 30% de antropico;5
4110,742968;Facies Gramado;Argissolo Vermelho alumínico típico;Basalto;Mata com ate 50% de antropico;5
4110,742968;Facies Gramado;Latossolo Vermelho aluminoférrico húmico;Basalto;Mata com ate 50% de antropico;5
7620,69647;Facies Gramado;Argissolo Vermelho alumínico típico;Basalto;Mata com ate 50% de antropico;5
7620,69647;Facies Gramado;Latossolo Vermelho aluminoférrico húmico;Basalto;Mata com ate 50% de antropico;5
433,1729564;Facies Gramado;Argissolo Vermelho alumínico típico;Basalto;Mata com ate 30% de antropico;5
433,1729564;Facies Gramado;Latossolo Vermelho aluminoférrico húmico;Basalto;Mata com ate 30% de antropico;5
12616,30235;Facies Gramado;Argissolo Vermelho alumínico típico;Basalto;Mata com ate 30% de antropico;5
12616,30235;Facies Gramado;Latossolo Vermelho aluminoférrico húmico;Basalto;Mata com ate 30% de antropico;5
1104,319993;Facies Gramado;Argissolo Vermelho alumínico típico;Basalto;Mata com ate 30% de antropico;5
1104,319993;Facies Gramado;Latossolo Vermelho aluminoférrico húmico;Basalto;Mata com ate 30% de antropico;5
3882,322845;Facies Gramado;Argissolo Vermelho alumínico típico;Basalto;Mata com ate 30% de antropico;5
3882,322845;Facies Gramado;Latossolo Vermelho aluminoférrico húmico;Basalto;Mata com ate 30% de antropico;5
1917,377716;Facies Gramado;Argissolo Vermelho alumínico típico;Basalto;Mata com ate 30% de antropico;5
1917,377716;Facies Gramado;Latossolo Vermelho aluminoférrico húmico;Basalto;Mata com ate 30% de antropico;5
1072,646477;Facies Gramado;Argissolo Vermelho alumínico típico;Basalto;Mata com ate 30% de antropico;5
1072,646477;Facies Gramado;Latossolo Vermelho aluminoférrico húmico;Basalto;Mata com ate 30% de antropico;5
586,45414;Facies Gramado;Argissolo Vermelho alumínico típico;Basalto;Mata com ate 30% de antropico;5
586,45414;Facies Gramado;Latossolo Vermelho aluminoférrico húmico;Basalto;Mata com ate 30% de antropico;5
1465,178956;Facies Gramado;Argissolo Vermelho alumínico típico;Basalto;Mata com ate 30% de antropico;5
1465,178956;Facies Gramado;Latossolo Vermelho aluminoférrico húmico;Basalto;Mata com ate 30% de antropico;5
15254,82777;Facies Caxias;Neossolo Regolítico húmico típico;Xisto;Mata com ate 30% de antropico;5
1454,023797;Facies Gramado;Neossolo Regolítico húmico típico;Xisto;Mata com ate 30% de antropico;5
4479,069995;Facies Gramado;Neossolo Regolítico húmico típico;Xisto;Mata com ate 30% de antropico;4
12408,57725;Facies Gramado;Neossolo Regolítico húmico típico;Xisto;Mata com ate 30% de antropico;5
1238,80746;Facies Gramado;Neossolo Regolítico húmico típico;Xisto;Mata nativa;5
672,658835;Facies Gramado;Neossolo Regolítico húmico típico;Xisto;Mata nativa;5
740,8560197;Facies Gramado;Neossolo Regolítico húmico típico;Xisto;Mata nativa;5
452,2115827;Facies Gramado;Neossolo Regolítico húmico típico;Xisto;Mata nativa;5
251,5102742;Facies Gramado;Neossolo Regolítico húmico típico;Xisto;Mata nativa;5
13365,23633;Facies Gramado;Neossolo Regolítico húmico típico;Xisto;Mata nativa;5
7281,690898;Facies Gramado;Neossolo Regolítico húmico típico;Xisto;Mata nativa;5
655,0514212;Facies Gramado;Neossolo Regolítico húmico típico;Xisto;Mata nativa;5
14617,18535;Facies Gramado;Argissolo Vermelho alumínico típico;Basalto;Mata nativa;5
14617,18535;Facies Gramado;Latossolo Vermelho aluminoférrico húmico;Basalto;Mata nativa;5
7052,033233;Facies Gramado;Neossolo Regolítico húmico típico;Xisto;Mata nativa;5
22273,12762;Facies Gramado;Neossolo Regolítico húmico típico;Xisto;Mata nativa;5
7313,13937;Facies Gramado;Neossolo Regolítico húmico típico;Xisto;Mata nativa;5
1808,026099;Facies Gramado;Neossolo Regolítico húmico típico;Xisto;Mata nativa;5
983,1022688;Facies Gramado;Neossolo Regolítico húmico típico;Xisto;Mata nativa;5
7222,065635;Facies Gramado;Neossolo Regolítico húmico típico;Xisto;Mata nativa;5
2015,837088;Facies Gramado;Neossolo Regolítico húmico típico;Xisto;Mata nativa;5
1330,664848;Facies Gramado;Neossolo Regolítico húmico típico;Xisto;Mata nativa;5
9219,460077;Facies Gramado;Neossolo Regolítico húmico típico;Xisto;Mata nativa;5
323,910985;Facies Gramado;Neossolo Regolítico húmico típico;Xisto;Agua;5
2297,211806;Facies Gramado;Neossolo Regolítico húmico típico;Xisto;Mata nativa;5
1527,379549;Facies Gramado;Neossolo Regolítico húmico típico;Xisto;Mata nativa;5
426,8452415;Facies Gramado;Neossolo Regolítico húmico típico;Xisto;Agua;5
1175,007128;Facies Gramado;Neossolo Regolítico húmico típico;Xisto;Mata nativa;5
1151,581763;Facies Gramado;Neossolo Regolítico húmico típico;Xisto;Mata nativa;5
538,8596882;Facies Gramado;Neossolo Regolítico húmico típico;Xisto;Mata nativa;5
6066,1402;Facies Gramado;Neossolo Regolítico húmico típico;Xisto;Mata nativa;5
1118,481275;Facies Gramado;Neossolo Regolítico húmico típico;Xisto;Mata nativa;5
447,1421371;Facies Gramado;Neossolo Regolítico húmico típico;Xisto;Mata nativa;4
325,2081551;Facies Gramado;Neossolo Regolítico húmico típico;Xisto;Mata nativa;4
606,3125293;Facies Gramado;Neossolo Regolítico húmico típico;Xisto;Mata nativa;5
2902,379773;Facies Gramado;Neossolo Regolítico húmico típico;Xisto;Mata nativa;4
981,5586007;Facies Gramado;Neossolo Regolítico húmico típico;Xisto;Mata nativa;5
10530,57885;Facies Gramado;Neossolo Regolítico húmico típico;Xisto;Mata nativa;4
1042,314265;Facies Gramado;Neossolo Regolítico húmico típico;Xisto;Mata nativa;5
4161,388293;Facies Gramado;Neossolo Regolítico húmico típico;Xisto;Mata nativa;5
1164,913539;Facies Gramado;Neossolo Regolítico húmico típico;Xisto;Mata nativa;5
10758,14643;Facies Gramado;Neossolo Regolítico húmico típico;Xisto;Mata nativa;5
1247,253001;Facies Gramado;Neossolo Regolítico húmico típico;Xisto;Mata nativa;5
13738,26121;Facies Gramado;Neossolo Regolítico húmico típico;Xisto;Mata nativa;5
22625,49861;Facies Gramado;Neossolo Regolítico húmico típico;Xisto;Mata nativa;5
3852,377749;Facies Gramado;Neossolo Regolítico húmico típico;Xisto;Mata nativa;5
612,7856312;Facies Gramado;Neossolo Regolítico húmico típico;Xisto;Mata nativa;5
11374,98354;Facies Gramado;Argissolo Vermelho alumínico típico;Basalto;Mata nativa;5
11374,98354;Facies Gramado;Latossolo Vermelho aluminoférrico húmico;Basalto;Mata nativa;5
4908,912934;Facies Gramado;Neossolo Regolítico húmico típico;Xisto;Mata nativa;5
1359,40693;Facies Gramado;Argissolo Vermelho alumínico típico;Basalto;Mata nativa;5
1359,40693;Facies Gramado;Latossolo Vermelho aluminoférrico húmico;Basalto;Mata nativa;5
706,631954;Facies Gramado;Neossolo Regolítico húmico típico;Xisto;Mata nativa;5
6379,871275;Facies Gramado;Neossolo Regolítico húmico típico;Xisto;Mata nativa;5
633,6055429;Facies Gramado;Argissolo Vermelho alumínico típico;Basalto;Mata nativa;5
633,6055429;Facies Gramado;Latossolo Vermelho aluminoférrico húmico;Basalto;Mata nativa;5
11163,32868;Facies Gramado;Neossolo Regolítico húmico típico;Xisto;Mata nativa;5
7789,429784;Facies Gramado;Neossolo Regolítico húmico típico;Xisto;Mata nativa;5
2677,607927;Facies Gramado;Argissolo Vermelho alumínico típico;Basalto;Mata nativa;5
2677,607927;Facies Gramado;Latossolo Vermelho aluminoférrico húmico;Basalto;Mata nativa;5
8576,206602;Facies Gramado;Neossolo Regolítico húmico típico;Xisto;Mata nativa;5
606,6405041;Facies Gramado;Argissolo Vermelho alumínico típico;Basalto;Mata nativa;5
606,6405041;Facies Gramado;Latossolo Vermelho aluminoférrico húmico;Basalto;Mata nativa;5
852,4159566;Facies Gramado;Argissolo Vermelho alumínico típico;Basalto;Mata nativa;5
852,4159566;Facies Gramado;Latossolo Vermelho aluminoférrico húmico;Basalto;Mata nativa;5
1720,159266;Facies Gramado;Argissolo Vermelho alumínico típico;Basalto;Mata nativa;5
1720,159266;Facies Gramado;Latossolo Vermelho aluminoférrico húmico;Basalto;Mata nativa;5
1626,205281;Facies Gramado;Argissolo Vermelho alumínico típico;Basalto;Mata nativa;5
1626,205281;Facies Gramado;Latossolo Vermelho aluminoférrico húmico;Basalto;Mata nativa;5
11711,44232;Facies Caxias;Argissolo Vermelho alumínico típico;Basalto;Mata nativa;4
11711,44232;Facies Caxias;Latossolo Vermelho aluminoférrico húmico;Basalto;Mata nativa;4
1691,494427;Facies Gramado;Neossolo Regolítico húmico típico;Xisto;Mata nativa;5
2983,93987;Facies Gramado;Argissolo Vermelho alumínico típico;Basalto;Mata nativa;5
2983,93987;Facies Gramado;Latossolo Vermelho aluminoférrico húmico;Basalto;Mata nativa;5
15329,45395;Facies Gramado;Neossolo Regolítico húmico típico;Xisto;Mata nativa;5
9859,263201;Facies Gramado;Neossolo Regolítico húmico típico;Xisto;Mata nativa;5
764,1212345;Facies Caxias;Argissolo Vermelho alumínico típico;Basalto;Mata nativa;5
764,1212345;Facies Caxias;Latossolo Vermelho aluminoférrico húmico;Basalto;Mata nativa;5
2785,126947;Facies Várzea do Cedro;Argissolo Vermelho alumínico típico;Basalto;Mata nativa;5
2785,126947;Facies Várzea do Cedro;Latossolo Vermelho aluminoférrico húmico;Basalto;Mata nativa;5
4129,533223;Facies Gramado;Neossolo Regolítico húmico típico;Xisto;Mata nativa;5
95320,92143;Facies Gramado;Neossolo Regolítico húmico típico;Xisto;Mata nativa;5
4467,795478;Facies Gramado;Neossolo Regolítico húmico típico;Xisto;Mata nativa;5
12354,93778;Facies Gramado;Neossolo Regolítico húmico típico;Xisto;Mata nativa;5
7622,885481;Facies Gramado;Neossolo Regolítico húmico típico;Xisto;Mata nativa;4
2414,762577;Facies Gramado;Neossolo Regolítico húmico típico;Xisto;Agua;5
1626,393903;Facies Gramado;Neossolo Regolítico húmico típico;Xisto;Mata nativa;5
15992,69456;Facies Gramado;Neossolo Regolítico húmico típico;Xisto;Agua;5
4798,713635;Facies Gramado;Neossolo Regolítico húmico típico;Xisto;Mata nativa;4
56473,16174;Facies Gramado;Neossolo Regolítico húmico típico;Xisto;Mata nativa;4
1674,607691;Facies Gramado;Neossolo Regolítico húmico típico;Xisto;Agua;5
547,4335391;Facies Gramado;Neossolo Regolítico húmico típico;Xisto;Mata nativa;5
4670,232942;Facies Gramado;Argissolo Vermelho alumínico típico;Basalto;Mata nativa;5
4670,232942;Facies Gramado;Latossolo Vermelho aluminoférrico húmico;Basalto;Mata nativa;5
1251,757711;Facies Gramado;Argissolo Vermelho alumínico típico;Basalto;Mata nativa;5
1251,757711;Facies Gramado;Latossolo Vermelho aluminoférrico húmico;Basalto;Mata nativa;5
1014,492009;Facies Gramado;Neossolo Regolítico húmico típico;Xisto;Mata nativa;5
1677,107354;Facies Gramado;Neossolo Regolítico húmico típico;Xisto;Mata com ate 50% de antropico;5
529,1022782;Facies Gramado;Neossolo Regolítico húmico típico;Xisto;Mata nativa;5
488,094595;Facies Gramado;Neossolo Regolítico húmico típico;Xisto;Mata nativa;5
18574,20232;Facies Gramado;Argissolo Vermelho alumínico típico;Basalto;Mata nativa;5
18574,20232;Facies Gramado;Latossolo Vermelho aluminoférrico húmico;Basalto;Mata nativa;5
8948,666217;Facies Gramado;Neossolo Regolítico húmico típico;Xisto;Mata nativa;5
1216,35976;Facies Gramado;Neossolo Regolítico húmico típico;Xisto;Mata nativa;5
10584,37211;Facies Gramado;Neossolo Regolítico húmico típico;Xisto;Mata nativa;5
14683,67359;Facies Gramado;Argissolo Vermelho alumínico típico;Basalto;Mata nativa;4
14683,67359;Facies Gramado;Latossolo Vermelho aluminoférrico húmico;Basalto;Mata nativa;4
493,865666;Facies Caxias;Argissolo Vermelho alumínico típico;Basalto;Mata nativa;5
493,865666;Facies Caxias;Latossolo Vermelho aluminoférrico húmico;Basalto;Mata nativa;5
7550,505966;Facies Gramado;Argissolo Vermelho alumínico típico;Basalto;Mata nativa;5
7550,505966;Facies Gramado;Latossolo Vermelho aluminoférrico húmico;Basalto;Mata nativa;5
4613,106458;Facies Gramado;Argissolo Vermelho alumínico típico;Basalto;Mata nativa;5
4613,106458;Facies Gramado;Latossolo Vermelho aluminoférrico húmico;Basalto;Mata nativa;5
13300,65691;Facies Caxias;Argissolo Vermelho alumínico típico;Basalto;Mata nativa;5
13300,65691;Facies Caxias;Latossolo Vermelho aluminoférrico húmico;Basalto;Mata nativa;5
24693,38825;Facies Gramado;Neossolo Regolítico húmico típico;Xisto;Mata com ate 50% de antropico;5
1043,666394;Facies Gramado;Argissolo Vermelho alumínico típico;Basalto;Mata nativa;5
1043,666394;Facies Gramado;Latossolo Vermelho aluminoférrico húmico;Basalto;Mata nativa;5
4240,780188;Facies Gramado;Argissolo Vermelho alumínico típico;Basalto;Mata nativa;5
4240,780188;Facies Gramado;Latossolo Vermelho aluminoférrico húmico;Basalto;Mata nativa;5
2214,939976;Facies Gramado;Neossolo Regolítico húmico típico;Xisto;Mata nativa;5
2431,863383;Facies Gramado;Argissolo Vermelho alumínico típico;Basalto;Mata nativa;5
2431,863383;Facies Gramado;Latossolo Vermelho aluminoférrico húmico;Basalto;Mata nativa;5
4795,951369;Facies Gramado;Neossolo Regolítico húmico típico;Xisto;Mata nativa;5
2609,466644;Facies Gramado;Neossolo Regolítico húmico típico;Xisto;Mata nativa;5
1250,676018;Facies Gramado;Argissolo Vermelho alumínico típico;Basalto;Mata nativa;5
1250,676018;Facies Gramado;Latossolo Vermelho aluminoférrico húmico;Basalto;Mata nativa;5
1123,025504;Facies Gramado;Argissolo Vermelho alumínico típico;Basalto;Mata nativa;5
1123,025504;Facies Gramado;Latossolo Vermelho aluminoférrico húmico;Basalto;Mata nativa;5
8919,244563;Facies Gramado;Argissolo Vermelho alumínico típico;Basalto;Uso agricola misto;5
8919,244563;Facies Gramado;Latossolo Vermelho aluminoférrico húmico;Basalto;Uso agricola misto;5
2118,194274;Facies Gramado;Argissolo Vermelho alumínico típico;Basalto;Mata nativa;5
2118,194274;Facies Gramado;Latossolo Vermelho aluminoférrico húmico;Basalto;Mata nativa;5
412,9050757;Facies Gramado;Argissolo Vermelho alumínico típico;Basalto;Mata nativa;5
412,9050757;Facies Gramado;Latossolo Vermelho aluminoférrico húmico;Basalto;Mata nativa;5
1242,882284;Facies Gramado;Argissolo Vermelho alumínico típico;Basalto;Mata nativa;5
1242,882284;Facies Gramado;Latossolo Vermelho aluminoférrico húmico;Basalto;Mata nativa;5
875,5093013;Facies Gramado;Argissolo Vermelho alumínico típico;Basalto;Mata nativa;5
875,5093013;Facies Gramado;Latossolo Vermelho aluminoférrico húmico;Basalto;Mata nativa;5
3776,136726;Facies Gramado;Neossolo Regolítico húmico típico;Xisto;Mata nativa;5
1370,902593;Facies Gramado;Argissolo Vermelho alumínico típico;Basalto;Mata nativa;5
1370,902593;Facies Gramado;Latossolo Vermelho aluminoférrico húmico;Basalto;Mata nativa;5
3071,155498;Facies Gramado;Neossolo Regolítico húmico típico;Xisto;Mata nativa;5
680,8371118;Facies Caxias;Argissolo Vermelho alumínico típico;Basalto;Mata nativa;5
680,8371118;Facies Caxias;Latossolo Vermelho aluminoférrico húmico;Basalto;Mata nativa;5
23817,80439;Facies Caxias;Argissolo Vermelho alumínico típico;Basalto;Uso agricola misto;5
23817,80439;Facies Caxias;Latossolo Vermelho aluminoférrico húmico;Basalto;Uso agricola misto;5
2337,267545;Facies Caxias;Argissolo Vermelho alumínico típico;Basalto;Uso agricola misto;5
2337,267545;Facies Caxias;Latossolo Vermelho aluminoférrico húmico;Basalto;Uso agricola misto;5
275,9823363;Facies Gramado;Argissolo Vermelho alumínico típico;Basalto;Mata com ate 30% de antropico;4
275,9823363;Facies Gramado;Latossolo Vermelho aluminoférrico húmico;Basalto;Mata com ate 30% de antropico;4
1855,306118;Facies Gramado;Argissolo Vermelho alumínico típico;Basalto;Mata com ate 30% de antropico;5
1855,306118;Facies Gramado;Latossolo Vermelho aluminoférrico húmico;Basalto;Mata com ate 30% de antropico;5
1698,533047;Facies Gramado;Neossolo Regolítico húmico típico;Xisto;Mata nativa;5
8242,486879;Facies Gramado;Neossolo Regolítico húmico típico;Xisto;Mata nativa;5
1142,050149;Facies Gramado;Neossolo Regolítico húmico típico;Xisto;Mata nativa;5
3128,842221;Facies Gramado;Neossolo Regolítico húmico típico;Xisto;Mata nativa;5
1208,344313;Facies Gramado;Argissolo Vermelho alumínico típico;Basalto;Mata nativa;5
1208,344313;Facies Gramado;Latossolo Vermelho aluminoférrico húmico;Basalto;Mata nativa;5
1928,80844;Facies Gramado;Argissolo Vermelho alumínico típico;Basalto;Mata nativa;5
1928,80844;Facies Gramado;Latossolo Vermelho aluminoférrico húmico;Basalto;Mata nativa;5
716,1076599;Facies Gramado;Neossolo Regolítico húmico típico;Xisto;Mata nativa;5
1075,823747;Facies Gramado;Neossolo Regolítico húmico típico;Xisto;Mata nativa;5
2616,653478;Facies Gramado;Argissolo Vermelho alumínico típico;Basalto;Mata nativa;4
2616,653478;Facies Gramado;Latossolo Vermelho aluminoférrico húmico;Basalto;Mata nativa;4
950,1202369;Facies Caxias;Argissolo Vermelho alumínico típico;Basalto;Mata nativa;5
950,1202369;Facies Caxias;Latossolo Vermelho aluminoférrico húmico;Basalto;Mata nativa;5
1187,527507;Facies Gramado;Argissolo Vermelho alumínico típico;Basalto;Mata nativa;5
1187,527507;Facies Gramado;Latossolo Vermelho aluminoférrico húmico;Basalto;Mata nativa;5
691,3140504;Facies Gramado;Neossolo Regolítico húmico típico;Xisto;Mata nativa;5
1871,367809;Facies Gramado;Neossolo Regolítico húmico típico;Xisto;Mata nativa;5
736,8512726;Facies Gramado;Neossolo Regolítico húmico típico;Xisto;Mata nativa;5
4204,097501;Facies Gramado;Neossolo Regolítico húmico típico;Xisto;Mata nativa;5
12294,34737;Facies Gramado;Neossolo Regolítico húmico típico;Xisto;Mata nativa;5
1321,685713;Facies Caxias;Argissolo Vermelho alumínico típico;Basalto;Mata nativa;5
1321,685713;Facies Caxias;Latossolo Vermelho aluminoférrico húmico;Basalto;Mata nativa;5
591,1656138;Facies Gramado;Argissolo Vermelho alumínico típico;Basalto;Uso agricola misto;5
591,1656138;Facies Gramado;Latossolo Vermelho aluminoférrico húmico;Basalto;Uso agricola misto;5
2194,835402;Facies Caxias;Neossolo Regolítico húmico típico;Xisto;Mata nativa;5
1398,903946;Facies Gramado;Argissolo Vermelho alumínico típico;Basalto;Mata nativa;5
1398,903946;Facies Gramado;Latossolo Vermelho aluminoférrico húmico;Basalto;Mata nativa;5
288,3893724;Facies Gramado;Argissolo Vermelho alumínico típico;Basalto;Mata nativa;5
288,3893724;Facies Gramado;Latossolo Vermelho aluminoférrico húmico;Basalto;Mata nativa;5
2681,354078;Facies Gramado;Neossolo Regolítico húmico típico;Xisto;Mata nativa;5
6592,22242;Facies Gramado;Neossolo Regolítico húmico típico;Xisto;Mata com ate 30% de antropico;5
1036,341339;Facies Gramado;Neossolo Regolítico húmico típico;Xisto;Mata nativa;5
6513,69684;Facies Gramado;Neossolo Regolítico húmico típico;Xisto;Mata nativa;5
6601,033618;Facies Gramado;Neossolo Regolítico húmico típico;Xisto;Mata nativa;4
2954,819409;Facies Gramado;Neossolo Regolítico húmico típico;Xisto;Mata nativa;5
12933,42755;Facies Gramado;Argissolo Vermelho alumínico típico;Basalto;Mata nativa;5
12933,42755;Facies Gramado;Latossolo Vermelho aluminoférrico húmico;Basalto;Mata nativa;5
2570,629559;Facies Gramado;Argissolo Vermelho alumínico típico;Basalto;Mata nativa;5
2570,629559;Facies Gramado;Latossolo Vermelho aluminoférrico húmico;Basalto;Mata nativa;5
59802,4244;Facies Gramado;Argissolo Vermelho alumínico típico;Basalto;Uso agricola misto;4
59802,4244;Facies Gramado;Latossolo Vermelho aluminoférrico húmico;Basalto;Uso agricola misto;4
4395,643199;Facies Gramado;Argissolo Vermelho alumínico típico;Basalto;Mata nativa;5
4395,643199;Facies Gramado;Latossolo Vermelho aluminoférrico húmico;Basalto;Mata nativa;5
4504,238316;Facies Gramado;Argissolo Vermelho alumínico típico;Basalto;Mata nativa;5
4504,238316;Facies Gramado;Latossolo Vermelho aluminoférrico húmico;Basalto;Mata nativa;5
1398,843333;Facies Gramado;Neossolo Regolítico húmico típico;Xisto;Mata nativa;5
3452,463524;Facies Gramado;Neossolo Regolítico húmico típico;Xisto;Mata nativa;5
3118,28816;Facies Gramado;Neossolo Regolítico húmico típico;Xisto;Mata nativa;5
1058,171016;Facies Gramado;Argissolo Vermelho alumínico típico;Basalto;Mata nativa;5
1058,171016;Facies Gramado;Latossolo Vermelho aluminoférrico húmico;Basalto;Mata nativa;5
734,9111354;Facies Gramado;Argissolo Vermelho alumínico típico;Basalto;Mata nativa;5
734,9111354;Facies Gramado;Latossolo Vermelho aluminoférrico húmico;Basalto;Mata nativa;5
2651,598721;Facies Gramado;Neossolo Regolítico húmico típico;Xisto;Mata nativa;5
1234,34914;Facies Gramado;Neossolo Regolítico húmico típico;Xisto;Mata nativa;5
5812,534028;Facies Gramado;Neossolo Regolítico húmico típico;Xisto;Mata nativa;5
1793,305173;Facies Gramado;Neossolo Regolítico húmico típico;Xisto;Mata nativa;5
128916,1611;Facies Gramado;Neossolo Regolítico húmico típico;Xisto;Mata nativa;4
1780,841857;Facies Gramado;Neossolo Regolítico húmico típico;Xisto;Mata nativa;5
1853,342957;Facies Gramado;Argissolo Vermelho alumínico típico;Basalto;Mata nativa;5
1853,342957;Facies Gramado;Latossolo Vermelho aluminoférrico húmico;Basalto;Mata nativa;5
18031,30569;Facies Gramado;Argissolo Vermelho alumínico típico;Basalto;Mata nativa;5
18031,30569;Facies Gramado;Latossolo Vermelho aluminoférrico húmico;Basalto;Mata nativa;5
1408,752168;Facies Gramado;Neossolo Regolítico húmico típico;Xisto;Mata nativa;5
20924,44164;Facies Gramado;Neossolo Regolítico húmico típico;Xisto;Mata nativa;5
1152,995924;Facies Gramado;Neossolo Regolítico húmico típico;Xisto;Mata nativa;5
24949,67534;Facies Gramado;Argissolo Vermelho alumínico típico;Basalto;Mata com ate 50% de antropico;5
24949,67534;Facies Gramado;Latossolo Vermelho aluminoférrico húmico;Basalto;Mata com ate 50% de antropico;5
623,0579394;Facies Gramado;Argissolo Vermelho alumínico típico;Basalto;Mata com ate 50% de antropico;5
623,0579394;Facies Gramado;Latossolo Vermelho aluminoférrico húmico;Basalto;Mata com ate 50% de antropico;5
1416,837395;Facies Gramado;Argissolo Vermelho alumínico típico;Basalto;Mata nativa;5
1416,837395;Facies Gramado;Latossolo Vermelho aluminoférrico húmico;Basalto;Mata nativa;5
516,3294232;Facies Gramado;Argissolo Vermelho alumínico típico;Basalto;Mata nativa;5
516,3294232;Facies Gramado;Latossolo Vermelho aluminoférrico húmico;Basalto;Mata nativa;5
42381,92592;Facies Gramado;Argissolo Vermelho alumínico típico;Basalto;Mata nativa;5
42381,92592;Facies Gramado;Latossolo Vermelho aluminoférrico húmico;Basalto;Mata nativa;5
2531,941149;Facies Gramado;Argissolo Vermelho alumínico típico;Basalto;Mata nativa;5
2531,941149;Facies Gramado;Latossolo Vermelho aluminoférrico húmico;Basalto;Mata nativa;5
664,797944;Facies Gramado;Argissolo Vermelho alumínico típico;Basalto;Mata com ate 50% de antropico;5
664,797944;Facies Gramado;Latossolo Vermelho aluminoférrico húmico;Basalto;Mata com ate 50% de antropico;5
460,0685544;Facies Gramado;Argissolo Vermelho alumínico típico;Basalto;Mata nativa;4
460,0685544;Facies Gramado;Latossolo Vermelho aluminoférrico húmico;Basalto;Mata nativa;4
5891,965153;Facies Gramado;Argissolo Vermelho alumínico típico;Basalto;Mata nativa;5
5891,965153;Facies Gramado;Latossolo Vermelho aluminoférrico húmico;Basalto;Mata nativa;5
4339,201705;Facies Gramado;Argissolo Vermelho alumínico típico;Basalto;Mata com ate 50% de antropico;5
4339,201705;Facies Gramado;Latossolo Vermelho aluminoférrico húmico;Basalto;Mata com ate 50% de antropico;5
717,7606324;Facies Gramado;Neossolo Regolítico húmico típico;Xisto;Mata nativa;5
31852,04299;Facies Gramado;Neossolo Regolítico húmico típico;Xisto;Mata nativa;5
357,6759294;Facies Gramado;Neossolo Regolítico húmico típico;Xisto;Mata nativa;4
7177,879081;Facies Gramado;Neossolo Regolítico húmico típico;Xisto;Uso agricola misto;4
5995,203762;Facies Gramado;Neossolo Regolítico húmico típico;Xisto;Uso agricola misto;5
1730,917337;Facies Gramado;Neossolo Regolítico húmico típico;Xisto;Mata nativa;5
1732,035003;Facies Gramado;Neossolo Regolítico húmico típico;Xisto;Mata nativa;5
4315,701161;Facies Gramado;Neossolo Regolítico húmico típico;Xisto;Uso agricola misto;5
1262,865943;Facies Gramado;Neossolo Regolítico húmico típico;Xisto;Mata nativa;4
1609,81313;Facies Gramado;Neossolo Regolítico húmico típico;Xisto;Mata nativa;5
13484,36862;Facies Gramado;Neossolo Regolítico húmico típico;Xisto;Mata nativa;5
1302,427993;Facies Gramado;Neossolo Regolítico húmico típico;Xisto;Mata com ate 50% de antropico;5
2654,168528;Facies Gramado;Neossolo Regolítico húmico típico;Xisto;Mata nativa;5
34479,25478;Facies Gramado;Neossolo Regolítico húmico típico;Xisto;Mata com ate 50% de antropico;5
2406,365737;Facies Gramado;Neossolo Regolítico húmico típico;Xisto;Mata nativa;5
6559,026895;Facies Gramado;Neossolo Regolítico húmico típico;Xisto;Mata nativa;5
974,3847106;Facies Gramado;Neossolo Regolítico húmico típico;Xisto;Mata nativa;5
618,4308095;Facies Gramado;Neossolo Regolítico húmico típico;Xisto;Mata nativa;5
3185,63104;Facies Gramado;Neossolo Regolítico húmico típico;Xisto;Mata nativa;5
1903,638775;Facies Gramado;Neossolo Regolítico húmico típico;Xisto;Mata nativa;5
18907,1407;Facies Gramado;Neossolo Regolítico húmico típico;Xisto;Mata nativa;5
737,1066973;Facies Gramado;Neossolo Regolítico húmico típico;Xisto;Mata nativa;5
191,703126;Facies Gramado;Neossolo Regolítico húmico típico;Xisto;Mata nativa;5
270,7010306;Facies Gramado;Neossolo Regolítico húmico típico;Xisto;Mata nativa;5
27828,83982;Facies Gramado;Neossolo Regolítico húmico típico;Xisto;Mata nativa;4
379,0288377;Facies Gramado;Argissolo Vermelho alumínico típico;Basalto;Mata com ate 50% de antropico;3
379,0288377;Facies Gramado;Latossolo Vermelho aluminoférrico húmico;Basalto;Mata com ate 50% de antropico;3
863,2838116;Facies Gramado;Argissolo Vermelho alumínico típico;Basalto;Mata com ate 50% de antropico;3
863,2838116;Facies Gramado;Latossolo Vermelho aluminoférrico húmico;Basalto;Mata com ate 50% de antropico;3
685,4910117;Facies Gramado;Argissolo Vermelho alumínico típico;Basalto;Mata com ate 50% de antropico;5
685,4910117;Facies Gramado;Latossolo Vermelho aluminoférrico húmico;Basalto;Mata com ate 50% de antropico;5
1980,774641;Facies Gramado;Argissolo Vermelho alumínico típico;Basalto;Mata nativa;5
1980,774641;Facies Gramado;Latossolo Vermelho aluminoférrico húmico;Basalto;Mata nativa;5
8156,636163;Facies Gramado;Neossolo Regolítico húmico típico;Xisto;Mata nativa;5
100485,7947;Facies Gramado;Neossolo Regolítico húmico típico;Xisto;Mata com ate 50% de antropico;4
20387,15412;Facies Gramado;Neossolo Regolítico húmico típico;Xisto;Mata nativa;5
8741,911886;Facies Gramado;Neossolo Regolítico húmico típico;Xisto;Mata nativa;5
18975,62183;Facies Gramado;Neossolo Regolítico húmico típico;Xisto;Mata nativa;5
1194,616299;Facies Gramado;Argissolo Vermelho alumínico típico;Basalto;Mata nativa;2
1194,616299;Facies Gramado;Latossolo Vermelho aluminoférrico húmico;Basalto;Mata nativa;2
837,1333724;Facies Caxias;Argissolo Vermelho alumínico típico;Basalto;Mata nativa;5
837,1333724;Facies Caxias;Latossolo Vermelho aluminoférrico húmico;Basalto;Mata nativa;5
2499,173614;Facies Gramado;Argissolo Vermelho alumínico típico;Basalto;Mata nativa;5
2499,173614;Facies Gramado;Latossolo Vermelho aluminoférrico húmico;Basalto;Mata nativa;5
419,4507774;Facies Gramado;Argissolo Vermelho alumínico típico;Basalto;Mata nativa;5
419,4507774;Facies Gramado;Latossolo Vermelho aluminoférrico húmico;Basalto;Mata nativa;5
12627,52801;Facies Gramado;Neossolo Regolítico húmico típico;Xisto;Mata nativa;5
5952,651705;Facies Gramado;Neossolo Regolítico húmico típico;Xisto;Mata nativa;5
2550,09987;Facies Gramado;Neossolo Regolítico húmico típico;Xisto;Mata nativa;5
3991,513879;Facies Gramado;Neossolo Regolítico húmico típico;Xisto;Mata nativa;5
273,8647201;Facies Gramado;Neossolo Regolítico húmico típico;Xisto;Mata nativa;5
2108,830847;Facies Gramado;Neossolo Regolítico húmico típico;Xisto;Mata nativa;5
8293,874504;Facies Gramado;Neossolo Regolítico húmico típico;Xisto;Mata nativa;5
11536,57131;Facies Gramado;Neossolo Regolítico húmico típico;Xisto;Mata nativa;4
774,6502345;Facies Gramado;Neossolo Regolítico húmico típico;Xisto;Mata nativa;5
589,2728532;Facies Gramado;Neossolo Regolítico húmico típico;Xisto;Mata nativa;5
206,0487603;Facies Gramado;Neossolo Regolítico húmico típico;Xisto;Mata nativa;5
371,5306319;Facies Gramado;Neossolo Regolítico húmico típico;Xisto;Mata nativa;5
265,0148391;Facies Gramado;Neossolo Regolítico húmico típico;Xisto;Mata nativa;5
6801,034837;Facies Gramado;Neossolo Regolítico húmico típico;Xisto;Mata nativa;4
12643,32753;Facies Gramado;Neossolo Regolítico húmico típico;Xisto;Mata nativa;5
4951,877492;Facies Gramado;Neossolo Regolítico húmico típico;Xisto;Mata nativa;5
2437,593001;Facies Caxias;Neossolo Regolítico húmico típico;Xisto;Mata nativa;5
524,9386741;Facies Gramado;Neossolo Regolítico húmico típico;Xisto;Mata com ate 30% de antropico;5
4439,96478;Facies Gramado;Neossolo Regolítico húmico típico;Xisto;Mata nativa;5
5144,932226;Facies Gramado;Neossolo Regolítico húmico típico;Xisto;Mata nativa;5
6815,737005;Facies Gramado;Neossolo Regolítico húmico típico;Xisto;Mata nativa;5
7173,116474;Facies Gramado;Neossolo Regolítico húmico típico;Xisto;Mata nativa;5
4123,328584;Facies Gramado;Neossolo Regolítico húmico típico;Xisto;Mata nativa;5
11456,18347;Facies Gramado;Neossolo Regolítico húmico típico;Xisto;Mata nativa;5
1311,126565;Facies Gramado;Neossolo Regolítico húmico típico;Xisto;Mata nativa;5
28434,56232;Facies Gramado;Neossolo Regolítico húmico típico;Xisto;Mata com ate 50% de antropico;5
1858,692325;Facies Gramado;Neossolo Regolítico húmico típico;Xisto;Mata nativa;4
6834,882334;Facies Gramado;Neossolo Regolítico húmico típico;Xisto;Mata nativa;5
20239,10304;Facies Gramado;Neossolo Regolítico húmico típico;Xisto;Mata nativa;5
1304,495189;Facies Gramado;Neossolo Regolítico húmico típico;Xisto;Mata nativa;5
1032,688608;Facies Gramado;Neossolo Regolítico húmico típico;Xisto;Mata nativa;5
752,94865;Facies Gramado;Neossolo Regolítico húmico típico;Xisto;Mata nativa;5
731,3731055;Facies Gramado;Neossolo Regolítico húmico típico;Xisto;Mata nativa;5
277,6810424;Facies Gramado;Neossolo Regolítico húmico típico;Xisto;Mata nativa;5
2665,93045;Facies Gramado;Neossolo Regolítico húmico típico;Xisto;Mata com ate 50% de antropico;5
96675,0916;Facies Gramado;Neossolo Regolítico húmico típico;Xisto;Mata nativa;5
7524,454881;Facies Gramado;Neossolo Regolítico húmico típico;Xisto;Mata com ate 50% de antropico;5
7026,134738;Facies Gramado;Neossolo Regolítico húmico típico;Xisto;Mata com ate 50% de antropico;5
27598,03386;Facies Gramado;Neossolo Regolítico húmico típico;Xisto;Mata com ate 50% de antropico;5
10141,99163;Facies Gramado;Neossolo Regolítico húmico típico;Xisto;Mata nativa;5
7327,265021;Facies Gramado;Neossolo Regolítico húmico típico;Xisto;Mata nativa;5
3714,505889;Facies Gramado;Neossolo Regolítico húmico típico;Xisto;Mata nativa;5
10716,67578;Facies Gramado;Neossolo Regolítico húmico típico;Xisto;Mata nativa;4
7624,83144;Facies Gramado;Neossolo Regolítico húmico típico;Xisto;Mata nativa;4
23978,50904;Facies Gramado;Neossolo Regolítico húmico típico;Xisto;Mata nativa;5
53722,30663;Facies Gramado;Neossolo Regolítico húmico típico;Xisto;Mata nativa;4
8937,020675;Facies Gramado;Neossolo Regolítico húmico típico;Xisto;Mata nativa;3
27308,03363;Facies Gramado;Neossolo Regolítico húmico típico;Xisto;Mata nativa;5
2154,419969;Facies Gramado;Neossolo Regolítico húmico típico;Xisto;Mata nativa;5
918,0341407;Facies Gramado;Neossolo Regolítico húmico típico;Xisto;Mata nativa;5
475,4015705;Facies Gramado;Neossolo Regolítico húmico típico;Xisto;Mata nativa;5
48037,88865;Facies Gramado;Neossolo Regolítico húmico típico;Xisto;Mata nativa;5
1589,592886;Facies Gramado;Neossolo Regolítico húmico típico;Xisto;Mata nativa;5
1243,893046;Facies Gramado;Neossolo Regolítico húmico típico;Xisto;Mata nativa;5
837,4736018;Facies Gramado;Neossolo Regolítico húmico típico;Xisto;Mata nativa;5
17947,40161;Facies Gramado;Neossolo Regolítico húmico típico;Xisto;Mata nativa;5
1385,652557;Facies Gramado;Neossolo Regolítico húmico típico;Xisto;Mata nativa;5
81063,21512;Facies Gramado;Neossolo Regolítico húmico típico;Xisto;Mata nativa;5
900,9598666;Facies Gramado;Neossolo Regolítico húmico típico;Xisto;Mata com ate 50% de antropico;5
12139,65829;Facies Gramado;Neossolo Regolítico húmico típico;Xisto;Mata nativa;5
73170,66656;Facies Gramado;Neossolo Regolítico húmico típico;Xisto;Mata nativa;5
865,6744384;Facies Gramado;Neossolo Regolítico húmico típico;Xisto;Mata nativa;5
7614,64393;Facies Gramado;Neossolo Regolítico húmico típico;Xisto;Mata com ate 50% de antropico;5
7476,119834;Facies Gramado;Neossolo Regolítico húmico típico;Xisto;Mata nativa;5
676,2470481;Facies Gramado;Neossolo Regolítico húmico típico;Xisto;Mata nativa;5
16622,77092;Facies Gramado;Neossolo Regolítico húmico típico;Xisto;Mata nativa;5
13026,43161;Facies Gramado;Neossolo Regolítico húmico típico;Xisto;Mata nativa;5
526,9127556;Facies Gramado;Neossolo Regolítico húmico típico;Xisto;Mata nativa;5
1820,271828;Facies Gramado;Neossolo Regolítico húmico típico;Xisto;Mata nativa;5
18904,42029;Facies Gramado;Neossolo Regolítico húmico típico;Xisto;Mata nativa;5
5452,036552;Facies Gramado;Neossolo Regolítico húmico típico;Xisto;Mata com ate 50% de antropico;5
952,4337286;Facies Gramado;Neossolo Regolítico húmico típico;Xisto;Mata nativa;5
26675,40396;Facies Gramado;Neossolo Regolítico húmico típico;Xisto;Mata nativa;5
1251,311548;Facies Gramado;Neossolo Regolítico húmico típico;Xisto;Mata nativa;5
1387,632411;Facies Gramado;Neossolo Regolítico húmico típico;Xisto;Mata nativa;5
2294,74961;Facies Gramado;Neossolo Regolítico húmico típico;Xisto;Mata com ate 50% de antropico;5
1269,056419;Facies Gramado;Neossolo Regolítico húmico típico;Xisto;Mata nativa;5
452,3093971;Facies Gramado;Neossolo Regolítico húmico típico;Xisto;Mata nativa;5
57523,74545;Facies Gramado;Argissolo Vermelho alumínico típico;Basalto;Mata nativa;5
57523,74545;Facies Gramado;Latossolo Vermelho aluminoférrico húmico;Basalto;Mata nativa;5
21589,00875;Facies Gramado;Argissolo Vermelho alumínico típico;Basalto;Mata nativa;5
21589,00875;Facies Gramado;Latossolo Vermelho aluminoférrico húmico;Basalto;Mata nativa;5
22489,91836;Facies Gramado;Neossolo Regolítico húmico típico;Xisto;Mata nativa;5
1029,401873;Facies Gramado;Neossolo Regolítico húmico típico;Xisto;Mata nativa;5
